Kp, 0.1950
Ki, 0
Kd, 0.1376
Deadzone, 0

time,x,y,xy_magnitude
2.135577208995819092e+02,-3.000000000000000000e+00,6.000000000000000000e+00,6.708203932499369415e+00
2.135925979614257812e+02,-3.000000000000000000e+00,6.000000000000000000e+00,6.708203932499369415e+00
2.136243770122528076e+02,-4.000000000000000000e+00,7.000000000000000000e+00,8.062257748298549132e+00
2.136796753406524658e+02,-5.000000000000000000e+00,7.000000000000000000e+00,8.602325267042626677e+00
2.137226955890655518e+02,-6.000000000000000000e+00,8.000000000000000000e+00,1.000000000000000000e+01
2.137469775676727295e+02,-6.000000000000000000e+00,8.000000000000000000e+00,1.000000000000000000e+01
2.137675471305847168e+02,-7.000000000000000000e+00,7.000000000000000000e+00,9.899494936611665352e+00
2.137992184162139893e+02,-7.000000000000000000e+00,7.000000000000000000e+00,9.899494936611665352e+00
2.138318133354187012e+02,-8.000000000000000000e+00,8.000000000000000000e+00,1.131370849898476116e+01
2.138645696640014648e+02,-8.000000000000000000e+00,8.000000000000000000e+00,1.131370849898476116e+01
2.139223139286041260e+02,-8.000000000000000000e+00,8.000000000000000000e+00,1.131370849898476116e+01
2.139572546482086182e+02,-8.000000000000000000e+00,8.000000000000000000e+00,1.131370849898476116e+01
2.139930992126464844e+02,-8.000000000000000000e+00,8.000000000000000000e+00,1.131370849898476116e+01
2.140017998218536377e+02,-8.000000000000000000e+00,8.000000000000000000e+00,1.131370849898476116e+01
2.140240089893341064e+02,-7.000000000000000000e+00,8.000000000000000000e+00,1.063014581273464998e+01
2.140559554100036621e+02,-6.000000000000000000e+00,8.000000000000000000e+00,1.000000000000000000e+01
2.141035287380218506e+02,-6.000000000000000000e+00,8.000000000000000000e+00,1.000000000000000000e+01
2.141609053611755371e+02,-5.000000000000000000e+00,7.000000000000000000e+00,8.602325267042626677e+00
2.141922173500061035e+02,-4.000000000000000000e+00,7.000000000000000000e+00,8.062257748298549132e+00
2.142270176410675049e+02,-4.000000000000000000e+00,7.000000000000000000e+00,8.062257748298549132e+00
2.142358760833740234e+02,-2.000000000000000000e+00,7.000000000000000000e+00,7.280109889280518054e+00
2.142639384269714355e+02,-1.000000000000000000e+00,7.000000000000000000e+00,7.071067811865475505e+00
2.142956202030181885e+02,0.000000000000000000e+00,7.000000000000000000e+00,7.000000000000000000e+00
2.143278985023498535e+02,1.000000000000000000e+00,7.000000000000000000e+00,7.071067811865475505e+00
2.143952479362487793e+02,1.000000000000000000e+00,7.000000000000000000e+00,7.071067811865475505e+00
2.144274580478668213e+02,2.000000000000000000e+00,7.000000000000000000e+00,7.280109889280518054e+00
2.144603478908538818e+02,3.000000000000000000e+00,7.000000000000000000e+00,7.615773105863908654e+00
2.144697194099426270e+02,3.000000000000000000e+00,7.000000000000000000e+00,7.615773105863908654e+00
2.145034284591674805e+02,4.000000000000000000e+00,6.000000000000000000e+00,7.211102550927978250e+00
2.145353562831878662e+02,4.000000000000000000e+00,6.000000000000000000e+00,7.211102550927978250e+00
2.145694499015808105e+02,5.000000000000000000e+00,6.000000000000000000e+00,7.810249675906653977e+00
2.146309597492218018e+02,5.000000000000000000e+00,6.000000000000000000e+00,7.810249675906653977e+00
2.146552736759185791e+02,5.000000000000000000e+00,6.000000000000000000e+00,7.810249675906653977e+00
2.146846337318420410e+02,5.000000000000000000e+00,6.000000000000000000e+00,7.810249675906653977e+00
2.147038431167602539e+02,5.000000000000000000e+00,6.000000000000000000e+00,7.810249675906653977e+00
2.147285568714141846e+02,4.000000000000000000e+00,6.000000000000000000e+00,7.211102550927978250e+00
2.147600216865539551e+02,4.000000000000000000e+00,6.000000000000000000e+00,7.211102550927978250e+00
2.147919270992279053e+02,3.000000000000000000e+00,5.000000000000000000e+00,5.830951894845300743e+00
2.148549232482910156e+02,3.000000000000000000e+00,5.000000000000000000e+00,5.830951894845300743e+00
2.148668332099914551e+02,2.000000000000000000e+00,5.000000000000000000e+00,5.385164807134503739e+00
2.149217400550842285e+02,1.000000000000000000e+00,5.000000000000000000e+00,5.099019513592784492e+00
2.149357769489288330e+02,0.000000000000000000e+00,5.000000000000000000e+00,5.000000000000000000e+00
2.149686169624328613e+02,0.000000000000000000e+00,5.000000000000000000e+00,5.000000000000000000e+00
2.150000391006469727e+02,-2.000000000000000000e+00,5.000000000000000000e+00,5.385164807134503739e+00
2.150312902927398682e+02,-2.000000000000000000e+00,5.000000000000000000e+00,5.385164807134503739e+00
2.150934174060821533e+02,-3.000000000000000000e+00,6.000000000000000000e+00,6.708203932499369415e+00
2.151312158107757568e+02,-4.000000000000000000e+00,6.000000000000000000e+00,7.211102550927978250e+00
2.151588790416717529e+02,-4.000000000000000000e+00,7.000000000000000000e+00,8.062257748298549132e+00
2.151666035652160645e+02,-4.000000000000000000e+00,7.000000000000000000e+00,8.062257748298549132e+00
2.151918497085571289e+02,-5.000000000000000000e+00,8.000000000000000000e+00,9.433981132056603158e+00
2.152238743305206299e+02,-5.000000000000000000e+00,9.000000000000000000e+00,1.029563014098700080e+01
2.152555284500122070e+02,-6.000000000000000000e+00,9.000000000000000000e+00,1.081665382639196871e+01
2.153288421630859375e+02,-6.000000000000000000e+00,1.000000000000000000e+01,1.166190378969060149e+01
2.153622541427612305e+02,-5.000000000000000000e+00,1.000000000000000000e+01,1.118033988749894903e+01
2.153736767768859863e+02,-5.000000000000000000e+00,1.000000000000000000e+01,1.118033988749894903e+01
2.154076962471008301e+02,-5.000000000000000000e+00,1.000000000000000000e+01,1.118033988749894903e+01
2.154315443038940430e+02,-5.000000000000000000e+00,1.000000000000000000e+01,1.118033988749894903e+01
2.154640476703643799e+02,-5.000000000000000000e+00,1.000000000000000000e+01,1.118033988749894903e+01
2.154960787296295166e+02,-5.000000000000000000e+00,9.000000000000000000e+00,1.029563014098700080e+01
2.155279872417449951e+02,-4.000000000000000000e+00,1.000000000000000000e+01,1.077032961426900748e+01
2.155766959190368652e+02,-3.000000000000000000e+00,1.000000000000000000e+01,1.044030650891055068e+01
2.156140820980072021e+02,-2.000000000000000000e+00,9.000000000000000000e+00,9.219544457292887074e+00
2.156407806873321533e+02,-1.000000000000000000e+00,9.000000000000000000e+00,9.055385138137417300e+00
2.156580822467803955e+02,0.000000000000000000e+00,9.000000000000000000e+00,9.000000000000000000e+00
2.157046251296997070e+02,1.000000000000000000e+00,8.000000000000000000e+00,8.062257748298549132e+00
2.157359344959259033e+02,1.000000000000000000e+00,7.000000000000000000e+00,7.071067811865475505e+00
2.157680399417877197e+02,2.000000000000000000e+00,7.000000000000000000e+00,7.280109889280518054e+00
2.158144755363464355e+02,3.000000000000000000e+00,7.000000000000000000e+00,7.615773105863908654e+00
2.158766307830810547e+02,4.000000000000000000e+00,6.000000000000000000e+00,7.211102550927978250e+00
2.158944199085235596e+02,4.000000000000000000e+00,6.000000000000000000e+00,7.211102550927978250e+00
2.159007279872894287e+02,4.000000000000000000e+00,5.000000000000000000e+00,6.403124237432848531e+00
2.159294309616088867e+02,5.000000000000000000e+00,5.000000000000000000e+00,7.071067811865475505e+00
2.159600079059600830e+02,5.000000000000000000e+00,4.000000000000000000e+00,6.403124237432848531e+00
2.159910950660705566e+02,5.000000000000000000e+00,4.000000000000000000e+00,6.403124237432848531e+00
2.160625040531158447e+02,5.000000000000000000e+00,3.000000000000000000e+00,5.830951894845300743e+00
2.160859878063201904e+02,5.000000000000000000e+00,3.000000000000000000e+00,5.830951894845300743e+00
2.161229348182678223e+02,5.000000000000000000e+00,2.000000000000000000e+00,5.385164807134503739e+00
2.161362130641937256e+02,4.000000000000000000e+00,2.000000000000000000e+00,4.472135954999579610e+00
2.161677849292755127e+02,3.000000000000000000e+00,2.000000000000000000e+00,3.605551275463989125e+00
2.161993689537048340e+02,3.000000000000000000e+00,1.000000000000000000e+00,3.162277660168379523e+00
2.162320551872253418e+02,2.000000000000000000e+00,1.000000000000000000e+00,2.236067977499789805e+00
2.162855343818664551e+02,1.000000000000000000e+00,1.000000000000000000e+00,1.414213562373095145e+00
2.163168504238128662e+02,0.000000000000000000e+00,2.000000000000000000e+00,2.000000000000000000e+00
2.163471302986145020e+02,-1.000000000000000000e+00,1.000000000000000000e+00,1.414213562373095145e+00
2.163614065647125244e+02,-2.000000000000000000e+00,1.000000000000000000e+00,2.236067977499789805e+00
2.163926930427551270e+02,-3.000000000000000000e+00,1.000000000000000000e+00,3.162277660168379523e+00
2.164231193065643311e+02,-4.000000000000000000e+00,1.000000000000000000e+00,4.123105625617660586e+00
2.164558088779449463e+02,-5.000000000000000000e+00,1.000000000000000000e+00,5.099019513592784492e+00
2.165174510478973389e+02,-5.000000000000000000e+00,2.000000000000000000e+00,5.385164807134503739e+00
2.165488190650939941e+02,-6.000000000000000000e+00,2.000000000000000000e+00,6.324555320336759046e+00
2.165860691070556641e+02,-6.000000000000000000e+00,2.000000000000000000e+00,6.324555320336759046e+00
2.165993647575378418e+02,-6.000000000000000000e+00,2.000000000000000000e+00,6.324555320336759046e+00
2.166317384243011475e+02,-6.000000000000000000e+00,3.000000000000000000e+00,6.708203932499369415e+00
2.166641490459442139e+02,-6.000000000000000000e+00,3.000000000000000000e+00,6.708203932499369415e+00
2.166960015296936035e+02,-6.000000000000000000e+00,3.000000000000000000e+00,6.708203932499369415e+00
2.167584278583526611e+02,-5.000000000000000000e+00,4.000000000000000000e+00,6.403124237432848531e+00
2.167902736663818359e+02,-4.000000000000000000e+00,5.000000000000000000e+00,6.403124237432848531e+00
2.168225500583648682e+02,-3.000000000000000000e+00,5.000000000000000000e+00,5.830951894845300743e+00
2.168335454463958740e+02,-2.000000000000000000e+00,5.000000000000000000e+00,5.385164807134503739e+00
2.168564569950103760e+02,-2.000000000000000000e+00,6.000000000000000000e+00,6.324555320336759046e+00
2.169035210609436035e+02,-1.000000000000000000e+00,6.000000000000000000e+00,6.082762530298219339e+00
2.169358069896697998e+02,0.000000000000000000e+00,6.000000000000000000e+00,6.000000000000000000e+00
2.169955813884735107e+02,1.000000000000000000e+00,7.000000000000000000e+00,7.071067811865475505e+00
2.170285198688507080e+02,2.000000000000000000e+00,7.000000000000000000e+00,7.280109889280518054e+00
2.170616445541381836e+02,3.000000000000000000e+00,7.000000000000000000e+00,7.615773105863908654e+00
2.170739958286285400e+02,4.000000000000000000e+00,8.000000000000000000e+00,8.944271909999159220e+00
2.170966384410858154e+02,5.000000000000000000e+00,8.000000000000000000e+00,9.433981132056603158e+00
2.171277031898498535e+02,5.000000000000000000e+00,8.000000000000000000e+00,9.433981132056603158e+00
2.171598548889160156e+02,6.000000000000000000e+00,8.000000000000000000e+00,1.000000000000000000e+01
2.172214844226837158e+02,6.000000000000000000e+00,8.000000000000000000e+00,1.000000000000000000e+01
2.172383768558502197e+02,7.000000000000000000e+00,8.000000000000000000e+00,1.063014581273464998e+01
2.172723388671875000e+02,7.000000000000000000e+00,8.000000000000000000e+00,1.063014581273464998e+01
2.173145952224731445e+02,7.000000000000000000e+00,8.000000000000000000e+00,1.063014581273464998e+01
2.173369088172912598e+02,7.000000000000000000e+00,8.000000000000000000e+00,1.063014581273464998e+01
2.173677611351013184e+02,6.000000000000000000e+00,7.000000000000000000e+00,9.219544457292887074e+00
2.173987340927124023e+02,6.000000000000000000e+00,7.000000000000000000e+00,9.219544457292887074e+00
2.174300165176391602e+02,6.000000000000000000e+00,7.000000000000000000e+00,9.219544457292887074e+00
2.174809229373931885e+02,5.000000000000000000e+00,6.000000000000000000e+00,7.810249675906653977e+00
2.175135698318481445e+02,4.000000000000000000e+00,6.000000000000000000e+00,7.211102550927978250e+00
2.175473802089691162e+02,4.000000000000000000e+00,6.000000000000000000e+00,7.211102550927978250e+00
2.175609815120697021e+02,3.000000000000000000e+00,5.000000000000000000e+00,5.830951894845300743e+00
2.175928049087524414e+02,2.000000000000000000e+00,4.000000000000000000e+00,4.472135954999579610e+00
2.176243703365325928e+02,0.000000000000000000e+00,4.000000000000000000e+00,4.000000000000000000e+00
2.176562316417694092e+02,-1.000000000000000000e+00,4.000000000000000000e+00,4.123105625617660586e+00
2.177164938449859619e+02,-1.000000000000000000e+00,4.000000000000000000e+00,4.123105625617660586e+00
2.177601413726806641e+02,-3.000000000000000000e+00,4.000000000000000000e+00,5.000000000000000000e+00
2.177765080928802490e+02,-3.000000000000000000e+00,4.000000000000000000e+00,5.000000000000000000e+00
2.178004138469696045e+02,-4.000000000000000000e+00,4.000000000000000000e+00,5.656854249492380582e+00
2.178315792083740234e+02,-5.000000000000000000e+00,4.000000000000000000e+00,6.403124237432848531e+00
2.178643496036529541e+02,-5.000000000000000000e+00,4.000000000000000000e+00,6.403124237432848531e+00
2.179265851974487305e+02,-6.000000000000000000e+00,4.000000000000000000e+00,7.211102550927978250e+00
2.179552209377288818e+02,-6.000000000000000000e+00,4.000000000000000000e+00,7.211102550927978250e+00
2.179842145442962646e+02,-6.000000000000000000e+00,5.000000000000000000e+00,7.810249675906653977e+00
2.180005364418029785e+02,-6.000000000000000000e+00,5.000000000000000000e+00,7.810249675906653977e+00
2.180235307216644287e+02,-6.000000000000000000e+00,6.000000000000000000e+00,8.485281374238569541e+00
2.180556483268737793e+02,-6.000000000000000000e+00,6.000000000000000000e+00,8.485281374238569541e+00
2.181041834354400635e+02,-6.000000000000000000e+00,7.000000000000000000e+00,9.219544457292887074e+00
2.181588437557220459e+02,-6.000000000000000000e+00,7.000000000000000000e+00,9.219544457292887074e+00
2.181851277351379395e+02,-5.000000000000000000e+00,7.000000000000000000e+00,8.602325267042626677e+00
2.182192380428314209e+02,-5.000000000000000000e+00,8.000000000000000000e+00,9.433981132056603158e+00
2.182311489582061768e+02,-4.000000000000000000e+00,8.000000000000000000e+00,8.944271909999159220e+00
2.182639329433441162e+02,-3.000000000000000000e+00,8.000000000000000000e+00,8.544003745317530374e+00
2.182951731681823730e+02,-2.000000000000000000e+00,9.000000000000000000e+00,9.219544457292887074e+00
2.183275203704833984e+02,-2.000000000000000000e+00,1.000000000000000000e+01,1.019803902718556898e+01
2.183977196216583252e+02,-1.000000000000000000e+00,1.000000000000000000e+01,1.004987562112088995e+01
2.184300949573516846e+02,-1.000000000000000000e+00,1.000000000000000000e+01,1.004987562112088995e+01
2.184485008716583252e+02,0.000000000000000000e+00,1.000000000000000000e+01,1.000000000000000000e+01
2.184568047523498535e+02,1.000000000000000000e+00,1.000000000000000000e+01,1.004987562112088995e+01
2.185042381286621094e+02,1.000000000000000000e+00,1.000000000000000000e+01,1.004987562112088995e+01
2.185351748466491699e+02,2.000000000000000000e+00,1.000000000000000000e+01,1.019803902718556898e+01
2.185991430282592773e+02,2.000000000000000000e+00,1.000000000000000000e+01,1.019803902718556898e+01
2.186345570087432861e+02,3.000000000000000000e+00,1.000000000000000000e+01,1.044030650891055068e+01
2.186654305458068848e+02,3.000000000000000000e+00,1.000000000000000000e+01,1.044030650891055068e+01
2.186724481582641602e+02,3.000000000000000000e+00,9.000000000000000000e+00,9.486832980505138124e+00
2.186959202289581299e+02,3.000000000000000000e+00,8.000000000000000000e+00,8.544003745317530374e+00
2.187272412776947021e+02,3.000000000000000000e+00,8.000000000000000000e+00,8.544003745317530374e+00
2.187600464820861816e+02,2.000000000000000000e+00,8.000000000000000000e+00,8.246211251235321171e+00
2.188504760265350342e+02,2.000000000000000000e+00,7.000000000000000000e+00,7.280109889280518054e+00
2.188829715251922607e+02,2.000000000000000000e+00,6.000000000000000000e+00,6.324555320336759046e+00
2.189046850204467773e+02,0.000000000000000000e+00,5.000000000000000000e+00,5.000000000000000000e+00
2.189355292320251465e+02,0.000000000000000000e+00,4.000000000000000000e+00,4.000000000000000000e+00
2.189671952724456787e+02,-1.000000000000000000e+00,3.000000000000000000e+00,3.162277660168379523e+00
2.189994797706604004e+02,-2.000000000000000000e+00,3.000000000000000000e+00,3.605551275463989125e+00
2.190782594680786133e+02,-2.000000000000000000e+00,2.000000000000000000e+00,2.828427124746190291e+00
2.191086506843566895e+02,-3.000000000000000000e+00,2.000000000000000000e+00,3.605551275463989125e+00
2.191396129131317139e+02,-3.000000000000000000e+00,1.000000000000000000e+00,3.162277660168379523e+00
2.191517710685729980e+02,-4.000000000000000000e+00,1.000000000000000000e+00,4.123105625617660586e+00
2.191598095893859863e+02,-4.000000000000000000e+00,0.000000000000000000e+00,4.000000000000000000e+00
2.191921701431274414e+02,-4.000000000000000000e+00,0.000000000000000000e+00,4.000000000000000000e+00
2.192236208915710449e+02,-4.000000000000000000e+00,0.000000000000000000e+00,4.000000000000000000e+00
2.192558896541595459e+02,-4.000000000000000000e+00,1.000000000000000000e+00,4.123105625617660586e+00
2.193271148204803467e+02,-4.000000000000000000e+00,1.000000000000000000e+00,4.123105625617660586e+00
2.193605229854583740e+02,-4.000000000000000000e+00,1.000000000000000000e+00,4.123105625617660586e+00
2.193763377666473389e+02,-3.000000000000000000e+00,2.000000000000000000e+00,3.605551275463989125e+00
2.193993442058563232e+02,-3.000000000000000000e+00,2.000000000000000000e+00,3.605551275463989125e+00
2.194324271678924561e+02,-2.000000000000000000e+00,3.000000000000000000e+00,3.605551275463989125e+00
2.194646246433258057e+02,-2.000000000000000000e+00,3.000000000000000000e+00,3.605551275463989125e+00
2.195272479057312012e+02,-1.000000000000000000e+00,4.000000000000000000e+00,4.123105625617660586e+00
2.195627117156982422e+02,-1.000000000000000000e+00,4.000000000000000000e+00,4.123105625617660586e+00
2.195977542400360107e+02,-1.000000000000000000e+00,5.000000000000000000e+00,5.099019513592784492e+00
2.196054396629333496e+02,-1.000000000000000000e+00,6.000000000000000000e+00,6.082762530298219339e+00
2.196249809265136719e+02,0.000000000000000000e+00,7.000000000000000000e+00,7.000000000000000000e+00
2.196567618846893311e+02,1.000000000000000000e+00,8.000000000000000000e+00,8.062257748298549132e+00
2.197043430805206299e+02,1.000000000000000000e+00,9.000000000000000000e+00,9.055385138137417300e+00
2.197596657276153564e+02,2.000000000000000000e+00,9.000000000000000000e+00,9.219544457292887074e+00
2.197894835472106934e+02,2.000000000000000000e+00,1.000000000000000000e+01,1.019803902718556898e+01
2.198220307826995850e+02,2.000000000000000000e+00,1.000000000000000000e+01,1.019803902718556898e+01
2.198333172798156738e+02,3.000000000000000000e+00,1.100000000000000000e+01,1.140175425099137918e+01
2.198654179573059082e+02,3.000000000000000000e+00,1.200000000000000000e+01,1.236931687685298087e+01
2.198969905376434326e+02,3.000000000000000000e+00,1.200000000000000000e+01,1.236931687685298087e+01
2.199280757904052734e+02,4.000000000000000000e+00,1.300000000000000000e+01,1.360147050873544394e+01
2.199930384159088135e+02,4.000000000000000000e+00,1.300000000000000000e+01,1.360147050873544394e+01
2.200217628479003906e+02,3.000000000000000000e+00,1.400000000000000000e+01,1.431782106327635340e+01
2.200548388957977295e+02,1.300000000000000000e+01,2.100000000000000000e+01,2.469817807045693669e+01
2.200669567584991455e+02,2.100000000000000000e+01,2.700000000000000000e+01,3.420526275297414287e+01
2.201035981178283691e+02,2.700000000000000000e+01,3.100000000000000000e+01,4.110960958218893069e+01
2.201350402832031250e+02,3.300000000000000000e+01,3.500000000000000000e+01,4.810405388322277531e+01
2.201677181720733643e+02,3.800000000000000000e+01,3.900000000000000000e+01,5.445181356024792763e+01
2.202248399257659912e+02,4.300000000000000000e+01,4.300000000000000000e+01,6.081118318204308792e+01
2.202555978298187256e+02,4.700000000000000000e+01,4.600000000000000000e+01,6.576473218982953028e+01
2.202875471115112305e+02,5.100000000000000000e+01,5.000000000000000000e+01,7.142128534267638429e+01
2.202976732254028320e+02,5.500000000000000000e+01,5.400000000000000000e+01,7.707788269017254379e+01
2.203299918174743652e+02,5.800000000000000000e+01,5.700000000000000000e+01,8.132035415564789105e+01
2.203601450920104980e+02,6.100000000000000000e+01,6.000000000000000000e+01,8.556284240252891493e+01
2.203911597728729248e+02,6.300000000000000000e+01,6.300000000000000000e+01,8.909545442950498284e+01
2.204607579708099365e+02,6.600000000000000000e+01,6.600000000000000000e+01,9.333809511662427383e+01
2.205054180622100830e+02,6.700000000000000000e+01,7.000000000000000000e+01,9.689685237405805651e+01
2.205244243144989014e+02,6.800000000000000000e+01,7.200000000000000000e+01,9.903534722511957966e+01
2.205365397930145264e+02,6.900000000000000000e+01,7.500000000000000000e+01,1.019117265087781732e+02
2.205682272911071777e+02,6.900000000000000000e+01,7.800000000000000000e+01,1.041393297462586958e+02
2.205999920368194580e+02,6.800000000000000000e+01,8.000000000000000000e+01,1.049952379872535033e+02
2.206322743892669678e+02,6.700000000000000000e+01,8.200000000000000000e+01,1.058914538572400517e+02
2.207000269889831543e+02,6.600000000000000000e+01,8.400000000000000000e+01,1.068269628885891365e+02
2.207312629222869873e+02,6.500000000000000000e+01,8.600000000000000000e+01,1.078007421124734151e+02
2.207489101886749268e+02,6.200000000000000000e+01,8.700000000000000000e+01,1.068316432523622694e+02
2.207595150470733643e+02,6.000000000000000000e+01,8.800000000000000000e+01,1.065082156455547846e+02
2.207911140918731689e+02,5.800000000000000000e+01,8.900000000000000000e+01,1.062308806327049098e+02
2.208231616020202637e+02,5.600000000000000000e+01,9.000000000000000000e+01,1.060000000000000000e+02
2.208560178279876709e+02,5.400000000000000000e+01,9.000000000000000000e+01,1.049571341072154098e+02
2.209092974662780762e+02,5.100000000000000000e+01,9.000000000000000000e+01,1.034456378974000046e+02
2.209440908432006836e+02,4.800000000000000000e+01,8.900000000000000000e+01,1.011187420807834201e+02
2.209781084060668945e+02,4.500000000000000000e+01,8.800000000000000000e+01,9.883825170448939446e+01
2.210018680095672607e+02,4.200000000000000000e+01,8.700000000000000000e+01,9.660745312862771073e+01
2.210320417881011963e+02,3.900000000000000000e+01,8.500000000000000000e+01,9.352005132590549863e+01
2.210639595985412598e+02,3.600000000000000000e+01,8.300000000000000000e+01,9.047098982546836510e+01
2.210959384441375732e+02,3.300000000000000000e+01,8.100000000000000000e+01,8.746427842267951291e+01
2.211458520889282227e+02,3.000000000000000000e+01,7.900000000000000000e+01,8.450443775329198104e+01
2.211800010204315186e+02,2.700000000000000000e+01,7.600000000000000000e+01,8.065358020571684960e+01
2.212097740173339844e+02,2.400000000000000000e+01,7.300000000000000000e+01,7.684399781375250882e+01
2.212246704101562500e+02,2.200000000000000000e+01,6.900000000000000000e+01,7.242237223399962431e+01
2.212562658786773682e+02,1.900000000000000000e+01,6.600000000000000000e+01,6.868041933477110206e+01
2.213039965629577637e+02,1.700000000000000000e+01,6.100000000000000000e+01,6.332456079595025500e+01
2.213721063137054443e+02,1.500000000000000000e+01,5.700000000000000000e+01,5.894064811316550134e+01
2.214048955440521240e+02,1.300000000000000000e+01,5.200000000000000000e+01,5.360037313302958495e+01
2.214375615119934082e+02,1.200000000000000000e+01,4.800000000000000000e+01,4.947726750741192348e+01
2.214546594619750977e+02,1.000000000000000000e+01,4.300000000000000000e+01,4.414748010928823163e+01
2.214633336067199707e+02,9.000000000000000000e+00,3.800000000000000000e+01,3.905124837953326988e+01
2.214967267513275146e+02,8.000000000000000000e+00,3.300000000000000000e+01,3.395585369269929288e+01
2.215282173156738281e+02,7.000000000000000000e+00,2.900000000000000000e+01,2.983286778035259701e+01
2.215600121021270752e+02,6.000000000000000000e+00,2.400000000000000000e+01,2.473863375370596174e+01
2.216200237274169922e+02,5.000000000000000000e+00,2.000000000000000000e+01,2.061552812808830382e+01
2.216538269519805908e+02,5.000000000000000000e+00,1.500000000000000000e+01,1.581138830084189628e+01
2.216828563213348389e+02,5.000000000000000000e+00,1.100000000000000000e+01,1.208304597359457233e+01
2.217030768394470215e+02,4.000000000000000000e+00,8.000000000000000000e+00,8.944271909999159220e+00
2.217357306480407715e+02,4.000000000000000000e+00,4.000000000000000000e+00,5.656854249492380582e+00
2.217674295902252197e+02,4.000000000000000000e+00,1.000000000000000000e+00,4.123105625617660586e+00
2.218001918792724609e+02,5.000000000000000000e+00,-1.000000000000000000e+00,5.099019513592784492e+00
2.218721354007720947e+02,4.000000000000000000e+00,-3.000000000000000000e+00,5.000000000000000000e+00
2.219018940925598145e+02,5.000000000000000000e+00,-5.000000000000000000e+00,7.071067811865475505e+00
2.219184725284576416e+02,5.000000000000000000e+00,-7.000000000000000000e+00,8.602325267042626677e+00
2.219281294345855713e+02,5.000000000000000000e+00,-8.000000000000000000e+00,9.433981132056603158e+00
2.219600894451141357e+02,5.000000000000000000e+00,-8.000000000000000000e+00,9.433981132056603158e+00
2.219931485652923584e+02,5.000000000000000000e+00,-9.000000000000000000e+00,1.029563014098700080e+01
2.220245931148529053e+02,6.000000000000000000e+00,-9.000000000000000000e+00,1.081665382639196871e+01
2.220968666076660156e+02,6.000000000000000000e+00,-9.000000000000000000e+00,1.081665382639196871e+01
2.221275517940521240e+02,6.000000000000000000e+00,-8.000000000000000000e+00,1.000000000000000000e+01
2.221574609279632568e+02,6.000000000000000000e+00,-7.000000000000000000e+00,9.219544457292887074e+00
2.221685976982116699e+02,6.000000000000000000e+00,-6.000000000000000000e+00,8.485281374238569541e+00
2.221991868019104004e+02,6.000000000000000000e+00,-5.000000000000000000e+00,7.810249675906653977e+00
2.222312927246093750e+02,6.000000000000000000e+00,-3.000000000000000000e+00,6.708203932499369415e+00
2.222637977600097656e+02,6.000000000000000000e+00,-1.000000000000000000e+00,6.082762530298219339e+00
2.223393731117248535e+02,6.000000000000000000e+00,0.000000000000000000e+00,6.000000000000000000e+00
2.223699247837066650e+02,6.000000000000000000e+00,2.000000000000000000e+00,6.324555320336759046e+00
2.223863019943237305e+02,6.000000000000000000e+00,4.000000000000000000e+00,7.211102550927978250e+00
2.223929228782653809e+02,5.000000000000000000e+00,5.000000000000000000e+00,7.071067811865475505e+00
2.224247822761535645e+02,5.000000000000000000e+00,7.000000000000000000e+00,8.602325267042626677e+00
2.224561347961425781e+02,5.000000000000000000e+00,9.000000000000000000e+00,1.029563014098700080e+01
2.225044012069702148e+02,5.000000000000000000e+00,1.100000000000000000e+01,1.208304597359457233e+01
2.225608322620391846e+02,5.000000000000000000e+00,1.300000000000000000e+01,1.392838827718411920e+01
2.225927286148071289e+02,5.000000000000000000e+00,1.400000000000000000e+01,1.486606874731850603e+01
2.226066806316375732e+02,4.000000000000000000e+00,1.500000000000000000e+01,1.552417469626002422e+01
2.226314067840576172e+02,4.000000000000000000e+00,1.600000000000000000e+01,1.649242250247064234e+01
2.226636545658111572e+02,4.000000000000000000e+00,1.700000000000000000e+01,1.746424919657297892e+01
2.226955604553222656e+02,4.000000000000000000e+00,1.800000000000000000e+01,1.843908891458577415e+01
2.227626791000366211e+02,4.000000000000000000e+00,1.900000000000000000e+01,1.941648783894759944e+01
2.227914080619812012e+02,5.000000000000000000e+00,2.000000000000000000e+01,2.061552812808830382e+01
2.228209118843078613e+02,5.000000000000000000e+00,2.000000000000000000e+01,2.061552812808830382e+01
2.228381841182708740e+02,5.000000000000000000e+00,2.000000000000000000e+01,2.061552812808830382e+01
2.228564176559448242e+02,5.000000000000000000e+00,2.100000000000000000e+01,2.158703314492290204e+01
2.229036540985107422e+02,5.000000000000000000e+00,2.100000000000000000e+01,2.158703314492290204e+01
2.229364778995513916e+02,5.000000000000000000e+00,2.100000000000000000e+01,2.158703314492290204e+01
2.230028536319732666e+02,5.000000000000000000e+00,2.100000000000000000e+01,2.158703314492290204e+01
2.230309023857116699e+02,5.000000000000000000e+00,2.000000000000000000e+01,2.061552812808830382e+01
2.230577361583709717e+02,5.000000000000000000e+00,2.000000000000000000e+01,2.061552812808830382e+01
2.230685529708862305e+02,5.000000000000000000e+00,2.000000000000000000e+01,2.061552812808830382e+01
2.230964937210083008e+02,6.000000000000000000e+00,1.900000000000000000e+01,1.992485884517127559e+01
2.231275360584259033e+02,6.000000000000000000e+00,1.900000000000000000e+01,1.992485884517127559e+01
2.231597170829772949e+02,6.000000000000000000e+00,1.800000000000000000e+01,1.897366596101027625e+01
2.232306129932403564e+02,6.000000000000000000e+00,1.700000000000000000e+01,1.802775637731994607e+01
2.232807755470275879e+02,7.000000000000000000e+00,1.600000000000000000e+01,1.746424919657297892e+01
2.233043363094329834e+02,7.000000000000000000e+00,1.400000000000000000e+01,1.565247584249852864e+01
2.233359556198120117e+02,7.000000000000000000e+00,1.300000000000000000e+01,1.476482306023340030e+01
2.233673155307769775e+02,8.000000000000000000e+00,1.100000000000000000e+01,1.360147050873544394e+01
2.233995053768157959e+02,7.000000000000000000e+00,1.000000000000000000e+01,1.220655561573370207e+01
2.234726693630218506e+02,8.000000000000000000e+00,9.000000000000000000e+00,1.204159457879229578e+01
2.235033872127532959e+02,9.000000000000000000e+00,8.000000000000000000e+00,1.204159457879229578e+01
2.235168592929840088e+02,8.000000000000000000e+00,7.000000000000000000e+00,1.063014581273464998e+01
2.235290653705596924e+02,9.000000000000000000e+00,6.000000000000000000e+00,1.081665382639196871e+01
2.235594048500061035e+02,9.000000000000000000e+00,5.000000000000000000e+00,1.029563014098700080e+01
2.235919959545135498e+02,9.000000000000000000e+00,4.000000000000000000e+00,9.848857801796103928e+00
2.236239628791809082e+02,9.000000000000000000e+00,4.000000000000000000e+00,9.848857801796103928e+00
2.236848745346069336e+02,9.000000000000000000e+00,3.000000000000000000e+00,9.486832980505138124e+00
2.237137670516967773e+02,9.000000000000000000e+00,3.000000000000000000e+00,9.486832980505138124e+00
2.237430987358093262e+02,9.000000000000000000e+00,2.000000000000000000e+00,9.219544457292887074e+00
2.237687220573425293e+02,8.000000000000000000e+00,2.000000000000000000e+00,8.246211251235321171e+00
2.238003454208374023e+02,8.000000000000000000e+00,2.000000000000000000e+00,8.246211251235321171e+00
2.238322577476501465e+02,8.000000000000000000e+00,2.000000000000000000e+00,8.246211251235321171e+00
2.238839032649993896e+02,7.000000000000000000e+00,2.000000000000000000e+00,7.280109889280518054e+00
2.239324011802673340e+02,8.000000000000000000e+00,3.000000000000000000e+00,8.544003745317530374e+00
2.239632585048675537e+02,7.000000000000000000e+00,2.000000000000000000e+00,7.280109889280518054e+00
2.239828267097473145e+02,6.000000000000000000e+00,3.000000000000000000e+00,6.708203932499369415e+00
2.239931190013885498e+02,6.000000000000000000e+00,4.000000000000000000e+00,7.211102550927978250e+00
2.240237121582031250e+02,5.000000000000000000e+00,4.000000000000000000e+00,6.403124237432848531e+00
2.240564351081848145e+02,5.000000000000000000e+00,5.000000000000000000e+00,7.071067811865475505e+00
2.241422455310821533e+02,4.000000000000000000e+00,5.000000000000000000e+00,6.403124237432848531e+00
2.241738364696502686e+02,4.000000000000000000e+00,6.000000000000000000e+00,7.211102550927978250e+00
2.242066273689270020e+02,3.000000000000000000e+00,6.000000000000000000e+00,6.708203932499369415e+00
2.242116401195526123e+02,3.000000000000000000e+00,7.000000000000000000e+00,7.615773105863908654e+00
2.242330787181854248e+02,2.000000000000000000e+00,8.000000000000000000e+00,8.246211251235321171e+00
2.242643210887908936e+02,2.000000000000000000e+00,9.000000000000000000e+00,9.219544457292887074e+00
2.242951998710632324e+02,1.000000000000000000e+00,9.000000000000000000e+00,9.055385138137417300e+00
2.243623974323272705e+02,1.000000000000000000e+00,1.000000000000000000e+01,1.004987562112088995e+01
2.243937208652496338e+02,0.000000000000000000e+00,1.000000000000000000e+01,1.000000000000000000e+01
2.244132277965545654e+02,-1.000000000000000000e+00,1.100000000000000000e+01,1.104536101718726115e+01
2.244383797645568848e+02,-1.000000000000000000e+00,1.100000000000000000e+01,1.104536101718726115e+01
2.244552319049835205e+02,-1.000000000000000000e+00,1.100000000000000000e+01,1.104536101718726115e+01
2.245029408931732178e+02,-2.000000000000000000e+00,1.100000000000000000e+01,1.118033988749894903e+01
2.245372116565704346e+02,-2.000000000000000000e+00,1.100000000000000000e+01,1.118033988749894903e+01
2.246040642261505127e+02,-2.000000000000000000e+00,1.100000000000000000e+01,1.118033988749894903e+01
2.246313076019287109e+02,-2.000000000000000000e+00,1.100000000000000000e+01,1.118033988749894903e+01
2.246668174266815186e+02,-2.000000000000000000e+00,1.100000000000000000e+01,1.118033988749894903e+01
2.246738328933715820e+02,-2.000000000000000000e+00,1.100000000000000000e+01,1.118033988749894903e+01
2.246973185539245605e+02,-1.000000000000000000e+00,1.100000000000000000e+01,1.104536101718726115e+01
2.247280836105346680e+02,-1.000000000000000000e+00,1.000000000000000000e+01,1.004987562112088995e+01
2.247600939273834229e+02,-1.000000000000000000e+00,1.000000000000000000e+01,1.004987562112088995e+01
2.248213143348693848e+02,-1.000000000000000000e+00,9.000000000000000000e+00,9.055385138137417300e+00
2.248509039878845215e+02,0.000000000000000000e+00,8.000000000000000000e+00,8.000000000000000000e+00
2.248820021152496338e+02,1.000000000000000000e+00,8.000000000000000000e+00,8.062257748298549132e+00
2.249034595489501953e+02,1.000000000000000000e+00,7.000000000000000000e+00,7.071067811865475505e+00
2.249360213279724121e+02,1.000000000000000000e+00,6.000000000000000000e+00,6.082762530298219339e+00
2.249676671028137207e+02,2.000000000000000000e+00,6.000000000000000000e+00,6.324555320336759046e+00
2.250008454322814941e+02,2.000000000000000000e+00,5.000000000000000000e+00,5.385164807134503739e+00
2.250774028301239014e+02,3.000000000000000000e+00,5.000000000000000000e+00,5.830951894845300743e+00
2.251133055686950684e+02,3.000000000000000000e+00,4.000000000000000000e+00,5.000000000000000000e+00
2.251294028759002686e+02,4.000000000000000000e+00,4.000000000000000000e+00,5.656854249492380582e+00
2.251364688873291016e+02,4.000000000000000000e+00,3.000000000000000000e+00,5.000000000000000000e+00
2.251593410968780518e+02,4.000000000000000000e+00,3.000000000000000000e+00,5.000000000000000000e+00
2.251922073364257812e+02,5.000000000000000000e+00,2.000000000000000000e+00,5.385164807134503739e+00
2.252242743968963623e+02,5.000000000000000000e+00,1.000000000000000000e+00,5.099019513592784492e+00
2.253081066608428955e+02,6.000000000000000000e+00,1.000000000000000000e+00,6.082762530298219339e+00
2.253543267250061035e+02,6.000000000000000000e+00,1.000000000000000000e+00,6.082762530298219339e+00
2.253695540428161621e+02,6.000000000000000000e+00,1.000000000000000000e+00,6.082762530298219339e+00
2.253758339881896973e+02,7.000000000000000000e+00,0.000000000000000000e+00,7.000000000000000000e+00
2.254000630378723145e+02,7.000000000000000000e+00,0.000000000000000000e+00,7.000000000000000000e+00
2.254318583011627197e+02,7.000000000000000000e+00,0.000000000000000000e+00,7.000000000000000000e+00
2.254636373519897461e+02,7.000000000000000000e+00,1.000000000000000000e+00,7.071067811865475505e+00
2.255372962951660156e+02,6.000000000000000000e+00,1.000000000000000000e+00,6.082762530298219339e+00
2.255872006416320801e+02,6.000000000000000000e+00,2.000000000000000000e+00,6.324555320336759046e+00
2.256034843921661377e+02,7.000000000000000000e+00,2.000000000000000000e+00,7.280109889280518054e+00
2.256253833770751953e+02,7.000000000000000000e+00,3.000000000000000000e+00,7.615773105863908654e+00
2.256550126075744629e+02,7.000000000000000000e+00,3.000000000000000000e+00,7.615773105863908654e+00
2.257043881416320801e+02,8.000000000000000000e+00,4.000000000000000000e+00,8.944271909999159220e+00
2.257702519893646240e+02,8.000000000000000000e+00,4.000000000000000000e+00,8.944271909999159220e+00
2.258057875633239746e+02,8.000000000000000000e+00,5.000000000000000000e+00,9.433981132056603158e+00
2.258353710174560547e+02,8.000000000000000000e+00,5.000000000000000000e+00,9.433981132056603158e+00
2.258482172489166260e+02,8.000000000000000000e+00,5.000000000000000000e+00,9.433981132056603158e+00
2.258648924827575684e+02,8.000000000000000000e+00,6.000000000000000000e+00,1.000000000000000000e+01
2.258969097137451172e+02,8.000000000000000000e+00,6.000000000000000000e+00,1.000000000000000000e+01
2.259281213283538818e+02,8.000000000000000000e+00,7.000000000000000000e+00,1.063014581273464998e+01
2.259596254825592041e+02,8.000000000000000000e+00,8.000000000000000000e+00,1.131370849898476116e+01
2.260260853767395020e+02,8.000000000000000000e+00,9.000000000000000000e+00,1.204159457879229578e+01
2.260574731826782227e+02,7.000000000000000000e+00,9.000000000000000000e+00,1.140175425099137918e+01
2.260751214027404785e+02,7.000000000000000000e+00,9.000000000000000000e+00,1.140175425099137918e+01
2.261038997173309326e+02,6.000000000000000000e+00,9.000000000000000000e+00,1.081665382639196871e+01
2.261363668441772461e+02,6.000000000000000000e+00,1.000000000000000000e+01,1.166190378969060149e+01
2.261675605773925781e+02,5.000000000000000000e+00,9.000000000000000000e+00,1.029563014098700080e+01
2.262406849861145020e+02,4.000000000000000000e+00,9.000000000000000000e+00,9.848857801796103928e+00
2.262761156558990479e+02,4.000000000000000000e+00,9.000000000000000000e+00,9.848857801796103928e+00
2.263077600002288818e+02,3.000000000000000000e+00,9.000000000000000000e+00,9.486832980505138124e+00
2.263191382884979248e+02,2.000000000000000000e+00,9.000000000000000000e+00,9.219544457292887074e+00
2.263279368877410889e+02,2.000000000000000000e+00,9.000000000000000000e+00,9.219544457292887074e+00
2.263596498966217041e+02,1.000000000000000000e+00,9.000000000000000000e+00,9.055385138137417300e+00
2.263924388885498047e+02,0.000000000000000000e+00,9.000000000000000000e+00,9.000000000000000000e+00
2.264232993125915527e+02,0.000000000000000000e+00,8.000000000000000000e+00,8.000000000000000000e+00
2.264810736179351807e+02,-1.000000000000000000e+00,8.000000000000000000e+00,8.062257748298549132e+00
2.265149495601654053e+02,-1.000000000000000000e+00,8.000000000000000000e+00,8.062257748298549132e+00
2.265458149909973145e+02,-2.000000000000000000e+00,8.000000000000000000e+00,8.246211251235321171e+00
2.265683622360229492e+02,-2.000000000000000000e+00,8.000000000000000000e+00,8.246211251235321171e+00
2.265999429225921631e+02,-3.000000000000000000e+00,8.000000000000000000e+00,8.544003745317530374e+00
2.266330161094665527e+02,-3.000000000000000000e+00,8.000000000000000000e+00,8.544003745317530374e+00
2.266628634929656982e+02,-4.000000000000000000e+00,8.000000000000000000e+00,8.944271909999159220e+00
2.267171115875244141e+02,-3.000000000000000000e+00,8.000000000000000000e+00,8.544003745317530374e+00
2.267455120086669922e+02,-4.000000000000000000e+00,8.000000000000000000e+00,8.944271909999159220e+00
2.267753798961639404e+02,-3.000000000000000000e+00,8.000000000000000000e+00,8.544003745317530374e+00
2.267915468215942383e+02,-2.000000000000000000e+00,9.000000000000000000e+00,9.219544457292887074e+00
2.268238396644592285e+02,-2.000000000000000000e+00,9.000000000000000000e+00,9.219544457292887074e+00
2.268567669391632080e+02,-2.000000000000000000e+00,9.000000000000000000e+00,9.219544457292887074e+00
2.269352765083312988e+02,-1.000000000000000000e+00,9.000000000000000000e+00,9.055385138137417300e+00
2.269653451442718506e+02,0.000000000000000000e+00,9.000000000000000000e+00,9.000000000000000000e+00
2.269971983432769775e+02,0.000000000000000000e+00,9.000000000000000000e+00,9.000000000000000000e+00
2.270116162300109863e+02,1.000000000000000000e+00,9.000000000000000000e+00,9.055385138137417300e+00
2.270334191322326660e+02,1.000000000000000000e+00,9.000000000000000000e+00,9.055385138137417300e+00
2.270641713142395020e+02,2.000000000000000000e+00,9.000000000000000000e+00,9.219544457292887074e+00
2.270951910018920898e+02,3.000000000000000000e+00,9.000000000000000000e+00,9.486832980505138124e+00
2.271282124519348145e+02,4.000000000000000000e+00,9.000000000000000000e+00,9.848857801796103928e+00
2.271740913391113281e+02,4.000000000000000000e+00,9.000000000000000000e+00,9.848857801796103928e+00
2.272053952217102051e+02,5.000000000000000000e+00,9.000000000000000000e+00,1.029563014098700080e+01
2.272338352203369141e+02,5.000000000000000000e+00,8.000000000000000000e+00,9.433981132056603158e+00
2.272555639743804932e+02,6.000000000000000000e+00,8.000000000000000000e+00,1.000000000000000000e+01
2.273035469055175781e+02,6.000000000000000000e+00,8.000000000000000000e+00,1.000000000000000000e+01
2.273353443145751953e+02,7.000000000000000000e+00,8.000000000000000000e+00,1.063014581273464998e+01
2.274079797267913818e+02,7.000000000000000000e+00,8.000000000000000000e+00,1.063014581273464998e+01
2.274436910152435303e+02,7.000000000000000000e+00,8.000000000000000000e+00,1.063014581273464998e+01
2.274765009880065918e+02,7.000000000000000000e+00,8.000000000000000000e+00,1.063014581273464998e+01
2.274876594543457031e+02,7.000000000000000000e+00,8.000000000000000000e+00,1.063014581273464998e+01
2.274965398311614990e+02,7.000000000000000000e+00,8.000000000000000000e+00,1.063014581273464998e+01
2.275285825729370117e+02,7.000000000000000000e+00,8.000000000000000000e+00,1.063014581273464998e+01
2.275594942569732666e+02,6.000000000000000000e+00,8.000000000000000000e+00,1.000000000000000000e+01
2.275917882919311523e+02,6.000000000000000000e+00,8.000000000000000000e+00,1.000000000000000000e+01
2.276475672721862793e+02,5.000000000000000000e+00,8.000000000000000000e+00,9.433981132056603158e+00
2.276774117946624756e+02,5.000000000000000000e+00,8.000000000000000000e+00,9.433981132056603158e+00
2.277116093635559082e+02,4.000000000000000000e+00,9.000000000000000000e+00,9.848857801796103928e+00
2.277370352745056152e+02,3.000000000000000000e+00,9.000000000000000000e+00,9.486832980505138124e+00
2.277671403884887695e+02,3.000000000000000000e+00,9.000000000000000000e+00,9.486832980505138124e+00
2.278006098270416260e+02,2.000000000000000000e+00,9.000000000000000000e+00,9.219544457292887074e+00
2.278317408561706543e+02,1.000000000000000000e+00,9.000000000000000000e+00,9.055385138137417300e+00
2.278808417320251465e+02,1.000000000000000000e+00,9.000000000000000000e+00,9.055385138137417300e+00
2.279121448993682861e+02,0.000000000000000000e+00,9.000000000000000000e+00,9.000000000000000000e+00
2.279470872879028320e+02,0.000000000000000000e+00,9.000000000000000000e+00,9.000000000000000000e+00
2.279611232280731201e+02,-1.000000000000000000e+00,9.000000000000000000e+00,9.055385138137417300e+00
2.279916992187500000e+02,-1.000000000000000000e+00,8.000000000000000000e+00,8.062257748298549132e+00
2.280247941017150879e+02,-1.000000000000000000e+00,9.000000000000000000e+00,9.055385138137417300e+00
2.280558874607086182e+02,-2.000000000000000000e+00,9.000000000000000000e+00,9.219544457292887074e+00
2.281198973655700684e+02,-2.000000000000000000e+00,9.000000000000000000e+00,9.219544457292887074e+00
2.281514108180999756e+02,-2.000000000000000000e+00,8.000000000000000000e+00,8.246211251235321171e+00
2.282127914428710938e+02,-2.000000000000000000e+00,8.000000000000000000e+00,8.246211251235321171e+00
2.282239816188812256e+02,-2.000000000000000000e+00,8.000000000000000000e+00,8.246211251235321171e+00
2.282313945293426514e+02,-2.000000000000000000e+00,8.000000000000000000e+00,8.246211251235321171e+00
2.282634630203247070e+02,-2.000000000000000000e+00,7.000000000000000000e+00,7.280109889280518054e+00
2.282947828769683838e+02,-2.000000000000000000e+00,8.000000000000000000e+00,8.246211251235321171e+00
2.283284704685211182e+02,-2.000000000000000000e+00,8.000000000000000000e+00,8.246211251235321171e+00
2.283852550983428955e+02,-1.000000000000000000e+00,8.000000000000000000e+00,8.062257748298549132e+00
2.284196221828460693e+02,-1.000000000000000000e+00,8.000000000000000000e+00,8.062257748298549132e+00
2.284534051418304443e+02,-1.000000000000000000e+00,8.000000000000000000e+00,8.062257748298549132e+00
2.284685022830963135e+02,0.000000000000000000e+00,8.000000000000000000e+00,8.000000000000000000e+00
2.285047655105590820e+02,1.000000000000000000e+00,8.000000000000000000e+00,8.062257748298549132e+00
2.285371046066284180e+02,1.000000000000000000e+00,8.000000000000000000e+00,8.062257748298549132e+00
2.285676791667938232e+02,1.000000000000000000e+00,8.000000000000000000e+00,8.062257748298549132e+00
2.286282527446746826e+02,2.000000000000000000e+00,8.000000000000000000e+00,8.246211251235321171e+00
2.286604309082031250e+02,2.000000000000000000e+00,7.000000000000000000e+00,7.280109889280518054e+00
2.286932528018951416e+02,2.000000000000000000e+00,7.000000000000000000e+00,7.280109889280518054e+00
2.287047407627105713e+02,3.000000000000000000e+00,7.000000000000000000e+00,7.615773105863908654e+00
2.287286448478698730e+02,3.000000000000000000e+00,7.000000000000000000e+00,7.615773105863908654e+00
2.287605721950531006e+02,4.000000000000000000e+00,8.000000000000000000e+00,8.944271909999159220e+00
2.287923278808593750e+02,4.000000000000000000e+00,8.000000000000000000e+00,8.944271909999159220e+00
2.288568775653839111e+02,5.000000000000000000e+00,8.000000000000000000e+00,9.433981132056603158e+00
2.288904252052307129e+02,5.000000000000000000e+00,8.000000000000000000e+00,9.433981132056603158e+00
2.289277253150939941e+02,6.000000000000000000e+00,8.000000000000000000e+00,1.000000000000000000e+01
2.289406678676605225e+02,6.000000000000000000e+00,9.000000000000000000e+00,1.081665382639196871e+01
2.289686768054962158e+02,6.000000000000000000e+00,9.000000000000000000e+00,1.081665382639196871e+01
2.289993119239807129e+02,7.000000000000000000e+00,9.000000000000000000e+00,1.140175425099137918e+01
2.290319237709045410e+02,7.000000000000000000e+00,9.000000000000000000e+00,1.140175425099137918e+01
2.291063873767852783e+02,7.000000000000000000e+00,9.000000000000000000e+00,1.140175425099137918e+01
2.291346008777618408e+02,7.000000000000000000e+00,1.000000000000000000e+01,1.220655561573370207e+01
2.291696567535400391e+02,7.000000000000000000e+00,1.000000000000000000e+01,1.220655561573370207e+01
2.291912794113159180e+02,7.000000000000000000e+00,9.000000000000000000e+00,1.140175425099137918e+01
2.292246141433715820e+02,7.000000000000000000e+00,9.000000000000000000e+00,1.140175425099137918e+01
2.292555737495422363e+02,7.000000000000000000e+00,9.000000000000000000e+00,1.140175425099137918e+01
2.293414678573608398e+02,6.000000000000000000e+00,1.000000000000000000e+01,1.166190378969060149e+01
2.293741164207458496e+02,6.000000000000000000e+00,1.000000000000000000e+01,1.166190378969060149e+01
2.294074664115905762e+02,6.000000000000000000e+00,9.000000000000000000e+00,1.081665382639196871e+01
2.294196071624755859e+02,6.000000000000000000e+00,1.000000000000000000e+01,1.166190378969060149e+01
2.294323341846466064e+02,6.000000000000000000e+00,1.000000000000000000e+01,1.166190378969060149e+01
2.294646134376525879e+02,5.000000000000000000e+00,9.000000000000000000e+00,1.029563014098700080e+01
2.294957687854766846e+02,5.000000000000000000e+00,1.000000000000000000e+01,1.118033988749894903e+01
2.295269455909729004e+02,5.000000000000000000e+00,1.000000000000000000e+01,1.118033988749894903e+01
2.295822620391845703e+02,4.000000000000000000e+00,1.000000000000000000e+01,1.077032961426900748e+01
2.296136472225189209e+02,5.000000000000000000e+00,1.000000000000000000e+01,1.118033988749894903e+01
2.296504025459289551e+02,5.000000000000000000e+00,1.000000000000000000e+01,1.118033988749894903e+01
2.296610186100006104e+02,5.000000000000000000e+00,1.000000000000000000e+01,1.118033988749894903e+01
2.297038419246673584e+02,5.000000000000000000e+00,1.000000000000000000e+01,1.118033988749894903e+01
2.297346541881561279e+02,5.000000000000000000e+00,1.000000000000000000e+01,1.118033988749894903e+01
2.297673294544219971e+02,5.000000000000000000e+00,1.000000000000000000e+01,1.118033988749894903e+01
2.298225510120391846e+02,5.000000000000000000e+00,1.100000000000000000e+01,1.208304597359457233e+01
2.298569955825805664e+02,5.000000000000000000e+00,1.000000000000000000e+01,1.118033988749894903e+01
2.298930282592773438e+02,5.000000000000000000e+00,1.100000000000000000e+01,1.208304597359457233e+01
2.299035151004791260e+02,5.000000000000000000e+00,1.000000000000000000e+01,1.118033988749894903e+01
2.299288547039031982e+02,5.000000000000000000e+00,1.000000000000000000e+01,1.118033988749894903e+01
2.299594249725341797e+02,5.000000000000000000e+00,1.000000000000000000e+01,1.118033988749894903e+01
2.299920439720153809e+02,5.000000000000000000e+00,1.000000000000000000e+01,1.118033988749894903e+01
2.300663216114044189e+02,5.000000000000000000e+00,1.000000000000000000e+01,1.118033988749894903e+01
2.301004674434661865e+02,5.000000000000000000e+00,1.000000000000000000e+01,1.118033988749894903e+01
2.301320209503173828e+02,5.000000000000000000e+00,1.000000000000000000e+01,1.118033988749894903e+01
2.301452934741973877e+02,5.000000000000000000e+00,9.000000000000000000e+00,1.029563014098700080e+01
2.301690924167633057e+02,5.000000000000000000e+00,9.000000000000000000e+00,1.029563014098700080e+01
2.302005205154418945e+02,6.000000000000000000e+00,9.000000000000000000e+00,1.081665382639196871e+01
2.302326266765594482e+02,5.000000000000000000e+00,9.000000000000000000e+00,1.029563014098700080e+01
2.302984287738800049e+02,5.000000000000000000e+00,9.000000000000000000e+00,1.029563014098700080e+01
2.303097193241119385e+02,5.000000000000000000e+00,8.000000000000000000e+00,9.433981132056603158e+00
2.303411178588867188e+02,6.000000000000000000e+00,8.000000000000000000e+00,1.000000000000000000e+01
2.303752608299255371e+02,6.000000000000000000e+00,8.000000000000000000e+00,1.000000000000000000e+01
2.303917138576507568e+02,6.000000000000000000e+00,8.000000000000000000e+00,1.000000000000000000e+01
2.304242615699768066e+02,6.000000000000000000e+00,8.000000000000000000e+00,1.000000000000000000e+01
2.304565701484680176e+02,6.000000000000000000e+00,8.000000000000000000e+00,1.000000000000000000e+01
2.305353569984436035e+02,6.000000000000000000e+00,7.000000000000000000e+00,9.219544457292887074e+00
2.305488564968109131e+02,6.000000000000000000e+00,7.000000000000000000e+00,9.219544457292887074e+00
2.305778276920318604e+02,6.000000000000000000e+00,7.000000000000000000e+00,9.219544457292887074e+00
2.306103591918945312e+02,6.000000000000000000e+00,7.000000000000000000e+00,9.219544457292887074e+00
2.306320173740386963e+02,7.000000000000000000e+00,7.000000000000000000e+00,9.899494936611665352e+00
2.306639573574066162e+02,6.000000000000000000e+00,7.000000000000000000e+00,9.219544457292887074e+00
2.306958904266357422e+02,7.000000000000000000e+00,7.000000000000000000e+00,9.899494936611665352e+00
2.307275683879852295e+02,6.000000000000000000e+00,7.000000000000000000e+00,9.219544457292887074e+00
2.307825837135314941e+02,6.000000000000000000e+00,7.000000000000000000e+00,9.219544457292887074e+00
2.308132777214050293e+02,6.000000000000000000e+00,7.000000000000000000e+00,9.219544457292887074e+00
2.308452897071838379e+02,6.000000000000000000e+00,7.000000000000000000e+00,9.219544457292887074e+00
2.308580372333526611e+02,6.000000000000000000e+00,7.000000000000000000e+00,9.219544457292887074e+00
2.309031655788421631e+02,6.000000000000000000e+00,8.000000000000000000e+00,1.000000000000000000e+01
2.309363391399383545e+02,6.000000000000000000e+00,8.000000000000000000e+00,1.000000000000000000e+01
2.309678688049316406e+02,6.000000000000000000e+00,8.000000000000000000e+00,1.000000000000000000e+01
2.310165908336639404e+02,6.000000000000000000e+00,8.000000000000000000e+00,1.000000000000000000e+01
2.310469331741333008e+02,6.000000000000000000e+00,8.000000000000000000e+00,1.000000000000000000e+01
2.310982534885406494e+02,6.000000000000000000e+00,9.000000000000000000e+00,1.081665382639196871e+01
2.311101562976837158e+02,6.000000000000000000e+00,8.000000000000000000e+00,1.000000000000000000e+01
2.311275045871734619e+02,6.000000000000000000e+00,8.000000000000000000e+00,1.000000000000000000e+01
2.311594841480255127e+02,5.000000000000000000e+00,8.000000000000000000e+00,9.433981132056603158e+00
2.311908023357391357e+02,5.000000000000000000e+00,8.000000000000000000e+00,9.433981132056603158e+00
2.312226109504699707e+02,5.000000000000000000e+00,8.000000000000000000e+00,9.433981132056603158e+00
2.312712364196777344e+02,5.000000000000000000e+00,8.000000000000000000e+00,9.433981132056603158e+00
2.313304095268249512e+02,5.000000000000000000e+00,8.000000000000000000e+00,9.433981132056603158e+00
2.313420929908752441e+02,5.000000000000000000e+00,8.000000000000000000e+00,9.433981132056603158e+00
2.313697135448455811e+02,5.000000000000000000e+00,8.000000000000000000e+00,9.433981132056603158e+00
2.313996791839599609e+02,5.000000000000000000e+00,8.000000000000000000e+00,9.433981132056603158e+00
2.314320204257965088e+02,5.000000000000000000e+00,8.000000000000000000e+00,9.433981132056603158e+00
2.314995517730712891e+02,5.000000000000000000e+00,8.000000000000000000e+00,9.433981132056603158e+00
2.315303759574890137e+02,5.000000000000000000e+00,8.000000000000000000e+00,9.433981132056603158e+00
2.315612263679504395e+02,5.000000000000000000e+00,8.000000000000000000e+00,9.433981132056603158e+00
2.315721294879913330e+02,5.000000000000000000e+00,7.000000000000000000e+00,8.602325267042626677e+00
2.315922310352325439e+02,5.000000000000000000e+00,7.000000000000000000e+00,8.602325267042626677e+00
2.316236181259155273e+02,5.000000000000000000e+00,7.000000000000000000e+00,8.602325267042626677e+00
2.316564669609069824e+02,5.000000000000000000e+00,7.000000000000000000e+00,8.602325267042626677e+00
2.317309408187866211e+02,5.000000000000000000e+00,7.000000000000000000e+00,8.602325267042626677e+00
2.317615287303924561e+02,5.000000000000000000e+00,7.000000000000000000e+00,8.602325267042626677e+00
2.317925498485565186e+02,5.000000000000000000e+00,8.000000000000000000e+00,9.433981132056603158e+00
2.318046565055847168e+02,5.000000000000000000e+00,8.000000000000000000e+00,9.433981132056603158e+00
2.318316793441772461e+02,5.000000000000000000e+00,8.000000000000000000e+00,9.433981132056603158e+00
2.318626184463500977e+02,5.000000000000000000e+00,8.000000000000000000e+00,9.433981132056603158e+00
2.318958508968353271e+02,6.000000000000000000e+00,8.000000000000000000e+00,1.000000000000000000e+01
2.319644167423248291e+02,5.000000000000000000e+00,8.000000000000000000e+00,9.433981132056603158e+00
2.319950189590454102e+02,5.000000000000000000e+00,8.000000000000000000e+00,9.433981132056603158e+00
2.320287778377532959e+02,6.000000000000000000e+00,8.000000000000000000e+00,1.000000000000000000e+01
2.320393974781036377e+02,6.000000000000000000e+00,8.000000000000000000e+00,1.000000000000000000e+01
2.320580615997314453e+02,6.000000000000000000e+00,9.000000000000000000e+00,1.081665382639196871e+01
2.321043586730957031e+02,6.000000000000000000e+00,8.000000000000000000e+00,1.000000000000000000e+01
2.321359140872955322e+02,6.000000000000000000e+00,9.000000000000000000e+00,1.081665382639196871e+01
2.322053689956665039e+02,5.000000000000000000e+00,9.000000000000000000e+00,1.029563014098700080e+01
2.322363131046295166e+02,6.000000000000000000e+00,9.000000000000000000e+00,1.081665382639196871e+01
2.322693676948547363e+02,5.000000000000000000e+00,9.000000000000000000e+00,1.029563014098700080e+01
2.322827613353729248e+02,5.000000000000000000e+00,9.000000000000000000e+00,1.029563014098700080e+01
2.322975618839263916e+02,4.000000000000000000e+00,8.000000000000000000e+00,8.944271909999159220e+00
2.323279485702514648e+02,4.000000000000000000e+00,8.000000000000000000e+00,8.944271909999159220e+00
2.323598749637603760e+02,4.000000000000000000e+00,8.000000000000000000e+00,8.944271909999159220e+00
2.323938353061676025e+02,4.000000000000000000e+00,8.000000000000000000e+00,8.944271909999159220e+00
2.324433317184448242e+02,3.000000000000000000e+00,8.000000000000000000e+00,8.544003745317530374e+00
2.324782323837280273e+02,3.000000000000000000e+00,8.000000000000000000e+00,8.544003745317530374e+00
2.325080397129058838e+02,3.000000000000000000e+00,8.000000000000000000e+00,8.544003745317530374e+00
2.325368354320526123e+02,2.000000000000000000e+00,8.000000000000000000e+00,8.246211251235321171e+00
2.325677547454833984e+02,2.000000000000000000e+00,8.000000000000000000e+00,8.246211251235321171e+00
2.325990967750549316e+02,1.000000000000000000e+00,8.000000000000000000e+00,8.062257748298549132e+00
2.326320860385894775e+02,1.000000000000000000e+00,8.000000000000000000e+00,8.062257748298549132e+00
2.326821951866149902e+02,1.000000000000000000e+00,8.000000000000000000e+00,8.062257748298549132e+00
2.327121281623840332e+02,0.000000000000000000e+00,8.000000000000000000e+00,8.000000000000000000e+00
2.327450897693634033e+02,0.000000000000000000e+00,8.000000000000000000e+00,8.000000000000000000e+00
2.327592701911926270e+02,0.000000000000000000e+00,8.000000000000000000e+00,8.000000000000000000e+00
2.327927727699279785e+02,0.000000000000000000e+00,8.000000000000000000e+00,8.000000000000000000e+00
2.328242270946502686e+02,0.000000000000000000e+00,8.000000000000000000e+00,8.000000000000000000e+00
2.328562932014465332e+02,0.000000000000000000e+00,8.000000000000000000e+00,8.000000000000000000e+00
2.329183120727539062e+02,0.000000000000000000e+00,8.000000000000000000e+00,8.000000000000000000e+00
2.329484839439392090e+02,0.000000000000000000e+00,8.000000000000000000e+00,8.000000000000000000e+00
2.329825408458709717e+02,-1.000000000000000000e+00,7.000000000000000000e+00,7.071067811865475505e+00
2.330009496212005615e+02,-1.000000000000000000e+00,7.000000000000000000e+00,7.071067811865475505e+00
2.330315613746643066e+02,-1.000000000000000000e+00,7.000000000000000000e+00,7.071067811865475505e+00
2.330635678768157959e+02,0.000000000000000000e+00,7.000000000000000000e+00,7.000000000000000000e+00
2.330957672595977783e+02,0.000000000000000000e+00,7.000000000000000000e+00,7.000000000000000000e+00
2.331545324325561523e+02,0.000000000000000000e+00,7.000000000000000000e+00,7.000000000000000000e+00
2.331858384609222412e+02,0.000000000000000000e+00,7.000000000000000000e+00,7.000000000000000000e+00
2.332187883853912354e+02,0.000000000000000000e+00,7.000000000000000000e+00,7.000000000000000000e+00
2.332281455993652344e+02,0.000000000000000000e+00,6.000000000000000000e+00,6.000000000000000000e+00
2.332558474540710449e+02,0.000000000000000000e+00,6.000000000000000000e+00,6.000000000000000000e+00
2.333050506114959717e+02,0.000000000000000000e+00,7.000000000000000000e+00,7.000000000000000000e+00
2.333365743160247803e+02,0.000000000000000000e+00,6.000000000000000000e+00,6.000000000000000000e+00
2.333920757770538330e+02,0.000000000000000000e+00,6.000000000000000000e+00,6.000000000000000000e+00
2.334268879890441895e+02,1.000000000000000000e+00,6.000000000000000000e+00,6.082762530298219339e+00
2.334593572616577148e+02,1.000000000000000000e+00,6.000000000000000000e+00,6.082762530298219339e+00
2.334710342884063721e+02,1.000000000000000000e+00,6.000000000000000000e+00,6.082762530298219339e+00
2.334969277381896973e+02,1.000000000000000000e+00,6.000000000000000000e+00,6.082762530298219339e+00
2.335277988910675049e+02,1.000000000000000000e+00,6.000000000000000000e+00,6.082762530298219339e+00
2.335607631206512451e+02,1.000000000000000000e+00,6.000000000000000000e+00,6.082762530298219339e+00
2.336193487644195557e+02,1.000000000000000000e+00,6.000000000000000000e+00,6.082762530298219339e+00
2.336315810680389404e+02,1.000000000000000000e+00,6.000000000000000000e+00,6.082762530298219339e+00
2.336632962226867676e+02,1.000000000000000000e+00,6.000000000000000000e+00,6.082762530298219339e+00
2.337046954631805420e+02,1.000000000000000000e+00,7.000000000000000000e+00,7.071067811865475505e+00
2.337371826171875000e+02,2.000000000000000000e+00,7.000000000000000000e+00,7.280109889280518054e+00
2.337674655914306641e+02,2.000000000000000000e+00,7.000000000000000000e+00,7.280109889280518054e+00
2.337992990016937256e+02,2.000000000000000000e+00,7.000000000000000000e+00,7.280109889280518054e+00
2.338628134727478027e+02,2.000000000000000000e+00,7.000000000000000000e+00,7.280109889280518054e+00
2.338958508968353271e+02,3.000000000000000000e+00,7.000000000000000000e+00,7.615773105863908654e+00
2.339567158222198486e+02,3.000000000000000000e+00,7.000000000000000000e+00,7.615773105863908654e+00
2.339691662788391113e+02,3.000000000000000000e+00,7.000000000000000000e+00,7.615773105863908654e+00
2.339915332794189453e+02,3.000000000000000000e+00,7.000000000000000000e+00,7.615773105863908654e+00
2.340238008499145508e+02,3.000000000000000000e+00,7.000000000000000000e+00,7.615773105863908654e+00
2.340552465915679932e+02,3.000000000000000000e+00,7.000000000000000000e+00,7.615773105863908654e+00
2.341254396438598633e+02,3.000000000000000000e+00,7.000000000000000000e+00,7.615773105863908654e+00
2.341721806526184082e+02,4.000000000000000000e+00,7.000000000000000000e+00,8.062257748298549132e+00
2.341888413429260254e+02,3.000000000000000000e+00,7.000000000000000000e+00,7.615773105863908654e+00
2.341992254257202148e+02,3.000000000000000000e+00,7.000000000000000000e+00,7.615773105863908654e+00
2.342320036888122559e+02,3.000000000000000000e+00,7.000000000000000000e+00,7.615773105863908654e+00
2.342631552219390869e+02,3.000000000000000000e+00,7.000000000000000000e+00,7.615773105863908654e+00
2.342970592975616455e+02,3.000000000000000000e+00,7.000000000000000000e+00,7.615773105863908654e+00
2.343660943508148193e+02,3.000000000000000000e+00,7.000000000000000000e+00,7.615773105863908654e+00
2.343975129127502441e+02,3.000000000000000000e+00,7.000000000000000000e+00,7.615773105863908654e+00
2.344112210273742676e+02,3.000000000000000000e+00,7.000000000000000000e+00,7.615773105863908654e+00
2.344238626956939697e+02,3.000000000000000000e+00,7.000000000000000000e+00,7.615773105863908654e+00
2.344548120498657227e+02,3.000000000000000000e+00,7.000000000000000000e+00,7.615773105863908654e+00
2.345052471160888672e+02,3.000000000000000000e+00,6.000000000000000000e+00,6.708203932499369415e+00
2.345693933963775635e+02,2.000000000000000000e+00,6.000000000000000000e+00,6.324555320336759046e+00
2.345985465049743652e+02,2.000000000000000000e+00,6.000000000000000000e+00,6.324555320336759046e+00
2.346311910152435303e+02,3.000000000000000000e+00,7.000000000000000000e+00,7.615773105863908654e+00
2.346437027454376221e+02,2.000000000000000000e+00,6.000000000000000000e+00,6.324555320336759046e+00
2.346640198230743408e+02,2.000000000000000000e+00,6.000000000000000000e+00,6.324555320336759046e+00
2.346951014995574951e+02,2.000000000000000000e+00,6.000000000000000000e+00,6.324555320336759046e+00
2.347273442745208740e+02,2.000000000000000000e+00,6.000000000000000000e+00,6.324555320336759046e+00
2.347920398712158203e+02,2.000000000000000000e+00,6.000000000000000000e+00,6.324555320336759046e+00
2.348228523731231689e+02,2.000000000000000000e+00,6.000000000000000000e+00,6.324555320336759046e+00
2.348506803512573242e+02,1.000000000000000000e+00,7.000000000000000000e+00,7.071067811865475505e+00
2.348676536083221436e+02,1.000000000000000000e+00,7.000000000000000000e+00,7.071067811865475505e+00
